[
  {
    "id": "%E8%81%9A%E5%90%88API%E6%8E%A5%E5%8F%A3%20(CF)",
    "name": "聚合API接口 (CF)",
    "version": "3",
    "author": "lerd",
    "description": "v3",
    "size": 1002,
    "supportedSources": [
      "kg",
      "kw",
      "mg",
      "tx",
      "wy"
    ],
    "enabled": true,
    "uploadTime": "2026-02-03T14:48:15.643Z",
    "sourceUrl": "https://lx.guoyue2010.top/%E9%9F%B3%E6%BA%90%E6%96%87%E4%BB%B6%E5%9C%A8%E7%BA%BF%E7%89%88/%E4%BC%98%E8%B4%A8%E9%9F%B3%E6%BA%90/%E6%96%B0%E8%81%9A%E5%90%88APIV3.js"
  }
]